{"name":"EncerrarConversa","identifier":"HCL2TLMVHF","description":null,"parentIntentSignature":null,"sampleUtterances":[{"utterance":"Sair"},{"utterance":"Parar"},{"utterance":"Cancelar"},{"utterance":"Abortar"},{"utterance":"Interromper"},{"utterance":"Cancelamento"},{"utterance":"Cancelar Ação"},{"utterance":"Suspender"},{"utterance":"Finalizar"},{"utterance":"Descontinuar"},{"utterance":"Desligar"},{"utterance":"Encerrar"},{"utterance":"Terminar"},{"utterance":"Desconectar"},{"utterance":"Encerrar sessão"}],"intentConfirmationSetting":null,"intentClosingSetting":{"isActive":true,"conditional":{"isActive":true,"conditionalBranches":[{"name":"Branch1","condition":{"expressionString":"{RespostaConfirmacao} = \"Sim\""},"response":{"messageGroupsList":[{"message":{"ssmlMessage":null,"customPayload":null,"plainTextMessage":{"value":"Obrigado por utilizar nosso serviço. Se precisar de mais assistência no futuro, não hesite em nos contatar"},"imageResponseCard":null},"variations":null}],"allowInterrupt":true},"nextStep":{"sessionAttributes":null,"intent":{"name":null,"slots":null},"dialogAction":{"type":"EndConversation","slotToElicit":null,"suppressNextMessage":null}}},{"name":"Branch2","condition":{"expressionString":"{RespostaConfirmacao} = \"Não\""},"response":{"messageGroupsList":[{"message":{"ssmlMessage":null,"customPayload":null,"plainTextMessage":{"value":"Informe o serviço que gostaria de realizar"},"imageResponseCard":null},"variations":null}],"allowInterrupt":true},"nextStep":{"sessionAttributes":null,"intent":{"name":"Menu","slots":null},"dialogAction":{"type":"StartIntent","slotToElicit":null,"suppressNextMessage":null}}}],"defaultBranch":{"response":null,"nextStep":{"sessionAttributes":null,"intent":{"name":null,"slots":null},"dialogAction":{"type":"EndConversation","slotToElicit":null,"suppressNextMessage":null}}}},"nextStep":{"sessionAttributes":null,"intent":{"name":null,"slots":null},"dialogAction":{"type":"EvaluateConditional","slotToElicit":null,"suppressNextMessage":null}},"closingResponse":null},"initialResponseSetting":{"conditional":null,"codeHook":null,"nextStep":{"sessionAttributes":null,"intent":{"name":null,"slots":null},"dialogAction":{"type":"ElicitSlot","slotToElicit":"RespostaConfirmacao","suppressNextMessage":null}},"initialResponse":null},"inputContexts":null,"outputContexts":null,"kendraConfiguration":null,"qnAIntentConfiguration":null,"bedrockAgentIntentConfiguration":null,"dialogCodeHook":{"enabled":true},"fulfillmentCodeHook":null,"slotPriorities":[{"priority":1,"slotName":"RespostaConfirmacao"}]}