{"name":"AnimalsSlot","identifier":"AXJUYFK1WW","description":null,"slotTypeValues":[{"synonyms":[{"value":"cachorr"},{"value":"cachorra"},{"value":"cadela"},{"value":"canino"},{"value":"cachorrinho"},{"value":"cachorrinha"}],"sampleValue":{"value":"cachorro"}},{"synonyms":[{"value":"gata"},{"value":"gatinho"},{"value":"gatinha"},{"value":"gat"},{"value":"felino"},{"value":"gatop"}],"sampleValue":{"value":"gato"}},{"synonyms":[{"value":"papagaio"},{"value":"periquito"},{"value":"calopsita"},{"value":"passarinho"},{"value":"aves"},{"value":"passaro"},{"value":"pássaro"}],"sampleValue":{"value":"ave"}}],"parentSlotTypeSignature":null,"valueSelectionSetting":{"resolutionStrategy":"TOP_RESOLUTION","regexFilter":null}}