{"name":"RespostaConfirmacao","identifier":"YMZ4JMATAH","description":null,"slotTypeValues":[{"synonyms":[{"value":"Claro"},{"value":"Com certeza"},{"value":"Absolutamente"},{"value":"Certamente"},{"value":"Concordo"},{"value":"Positivo"},{"value":"S"},{"value":"Sem dúvida"},{"value":"ok"},{"value":"okay"}],"sampleValue":{"value":"Sim"}},{"synonyms":[{"value":"Negativo"},{"value":"N"},{"value":"Nem pensar"},{"value":"Não quero"},{"value":"Nao"}],"sampleValue":{"value":"Não"}}],"parentSlotTypeSignature":null,"valueSelectionSetting":{"resolutionStrategy":"TOP_RESOLUTION","regexFilter":null}}