{"name":"OpcoesMenu","identifier":"TU3VKRZMPB","description":null,"slotTypeValues":[{"synonyms":[{"value":"Agendar"},{"value":"Marcar"},{"value":"Agendamento"}],"sampleValue":{"value":"Agendar Consulta"}},{"synonyms":[{"value":"Procurar"},{"value":"Buscar"}],"sampleValue":{"value":"Buscar Consulta"}},{"synonyms":[{"value":"Local"},{"value":"Aonde fica"},{"value":"Endereço"}],"sampleValue":{"value":"Localização"}},{"synonyms":[{"value":"Cancelar Consulta"},{"value":"Desmarcar"}],"sampleValue":{"value":"Desmarcar Consulta"}}],"parentSlotTypeSignature":null,"valueSelectionSetting":{"resolutionStrategy":"TOP_RESOLUTION","regexFilter":null}}