{"name":"AgendarConsulta","identifier":"SMJFAZXXRL","description":"Intent para marcar consulta","parentIntentSignature":null,"sampleUtterances":[{"utterance":"!!!!!!!!!!!!!!!!!!!!!!!!!"}],"intentConfirmationSetting":null,"intentClosingSetting":{"isActive":true,"nextStep":{"sessionAttributes":null,"intent":{"name":"Menu","slots":null},"dialogAction":{"type":"StartIntent","slotToElicit":null,"suppressNextMessage":null}},"closingResponse":null},"initialResponseSetting":{"conditional":null,"codeHook":{"isActive":true,"invocationLabel":null,"postCodeHookSpecification":{"failureResponse":null,"failureNextStep":{"sessionAttributes":null,"intent":{"name":null,"slots":null},"dialogAction":{"type":"EndConversation","slotToElicit":null,"suppressNextMessage":null}},"failureConditional":null,"successResponse":null,"successNextStep":{"sessionAttributes":null,"intent":{"name":null,"slots":null},"dialogAction":{"type":"ElicitSlot","slotToElicit":"nome","suppressNextMessage":null}},"successConditional":null,"timeoutResponse":null,"timeoutNextStep":{"sessionAttributes":null,"intent":{"name":null,"slots":null},"dialogAction":{"type":"EndConversation","slotToElicit":null,"suppressNextMessage":null}},"timeoutConditional":null},"enableCodeHookInvocation":true},"nextStep":{"sessionAttributes":null,"intent":{"name":null,"slots":null},"dialogAction":{"type":"InvokeDialogCodeHook","slotToElicit":null,"suppressNextMessage":null}},"initialResponse":{"messageGroupsList":[{"message":{"ssmlMessage":null,"customPayload":null,"plainTextMessage":{"value":"Tudo bem! Pra agendar uma consulta vou precisar de algumas informações."},"imageResponseCard":null},"variations":null}],"allowInterrupt":true}},"inputContexts":null,"outputContexts":null,"kendraConfiguration":null,"qnAIntentConfiguration":null,"bedrockAgentIntentConfiguration":null,"dialogCodeHook":{"enabled":true},"fulfillmentCodeHook":{"isActive":true,"postFulfillmentStatusSpecification":{"failureResponse":null,"failureNextStep":{"sessionAttributes":null,"intent":{"name":null,"slots":null},"dialogAction":{"type":"EndConversation","slotToElicit":null,"suppressNextMessage":null}},"successResponse":null,"successNextStep":{"sessionAttributes":null,"intent":{"name":null,"slots":null},"dialogAction":{"type":"EndConversation","slotToElicit":null,"suppressNextMessage":null}},"timeoutResponse":null,"timeoutNextStep":{"sessionAttributes":null,"intent":{"name":null,"slots":null},"dialogAction":{"type":"EndConversation","slotToElicit":null,"suppressNextMessage":null}}},"fulfillmentUpdatesSpecification":null,"enabled":true},"slotPriorities":[{"priority":7,"slotName":"horario"},{"priority":2,"slotName":"email"},{"priority":6,"slotName":"data"},{"priority":4,"slotName":"nomeAnimal"},{"priority":3,"slotName":"celular"},{"priority":5,"slotName":"especie"},{"priority":1,"slotName":"nome"}]}