{"name":"InitialIntent","identifier":"905AN3WSD4","description":"Intent para iniciar a conversa","parentIntentSignature":null,"sampleUtterances":[{"utterance":"oi"},{"utterance":"ola"},{"utterance":"bom dia"},{"utterance":"boa tarde"},{"utterance":"boa noite"},{"utterance":"hey"},{"utterance":"oie"},{"utterance":"oii"},{"utterance":"fala"},{"utterance":"diga"}],"intentConfirmationSetting":null,"intentClosingSetting":null,"initialResponseSetting":{"conditional":null,"codeHook":{"isActive":true,"invocationLabel":null,"postCodeHookSpecification":{"failureResponse":null,"failureNextStep":{"sessionAttributes":null,"intent":{"name":null,"slots":null},"dialogAction":{"type":"EndConversation","slotToElicit":null,"suppressNextMessage":null}},"failureConditional":null,"successResponse":null,"successNextStep":{"sessionAttributes":null,"intent":{"name":null,"slots":null},"dialogAction":{"type":"EndConversation","slotToElicit":null,"suppressNextMessage":null}},"successConditional":null,"timeoutResponse":null,"timeoutNextStep":{"sessionAttributes":null,"intent":{"name":null,"slots":null},"dialogAction":{"type":"EndConversation","slotToElicit":null,"suppressNextMessage":null}},"timeoutConditional":null},"enableCodeHookInvocation":true},"nextStep":{"sessionAttributes":null,"intent":{"name":null,"slots":null},"dialogAction":{"type":"InvokeDialogCodeHook","slotToElicit":null,"suppressNextMessage":null}},"initialResponse":{"messageGroupsList":[{"message":{"ssmlMessage":null,"customPayload":null,"plainTextMessage":{"value":" Olá! Bem-vindo à Clínica Veterinária AUmigo. Eu me chamo AUrora, como posso ajudar você hoje? Por favor, selecione uma das opções digitando o número correspondente: 1 Agendamento de Consultas; 2  Buscar Consulta Agendada; 3 Localização da Clínica e Horário de Funcionamento; 4 Cancelar Consulta Agendada"},"imageResponseCard":null},"variations":null}],"allowInterrupt":true}},"inputContexts":null,"outputContexts":null,"kendraConfiguration":null,"qnAIntentConfiguration":null,"bedrockAgentIntentConfiguration":null,"dialogCodeHook":null,"fulfillmentCodeHook":null,"slotPriorities":[]}