{"name":"InitialIntent","identifier":"905AN3WSD4","description":"Intent para iniciar a conversa","parentIntentSignature":null,"sampleUtterances":[{"utterance":"oi"},{"utterance":"ola"},{"utterance":"bom dia"},{"utterance":"boa tarde"},{"utterance":"boa noite"},{"utterance":"hey"},{"utterance":"oie"},{"utterance":"oii"},{"utterance":"fala"},{"utterance":"diga"}],"intentConfirmationSetting":null,"intentClosingSetting":{"isActive":true,"conditional":{"isActive":true,"conditionalBranches":[{"name":"Branch1","condition":{"expressionString":"{OptionsSlot} = \"Agendar Consulta\""},"response":null,"nextStep":{"intent":{"name":"AppointmentIntent","slots":null},"sessionAttributes":null,"dialogAction":{"type":"StartIntent","slotToElicit":null,"suppressNextMessage":null}}},{"name":"Branch2","condition":{"expressionString":"{OptionsSlot} = \"Cancelar Consulta\""},"response":null,"nextStep":{"intent":{"name":"CancelAppointmentIntent","slots":null},"sessionAttributes":null,"dialogAction":{"type":"StartIntent","slotToElicit":null,"suppressNextMessage":null}}},{"name":"Branch3","condition":{"expressionString":"{OptionsSlot} = \"Buscar Consulta\""},"response":null,"nextStep":{"intent":{"name":"SearchIntent","slots":null},"sessionAttributes":null,"dialogAction":{"type":"StartIntent","slotToElicit":null,"suppressNextMessage":null}}},{"name":"Branch4","condition":{"expressionString":"{OptionsSlot} = \"Localização da Clínica\""},"response":null,"nextStep":{"intent":{"name":"LocationIntent","slots":null},"sessionAttributes":null,"dialogAction":{"type":"StartIntent","slotToElicit":null,"suppressNextMessage":null}}}],"defaultBranch":{"response":null,"nextStep":{"intent":{"name":null,"slots":null},"sessionAttributes":null,"dialogAction":{"type":"EndConversation","slotToElicit":null,"suppressNextMessage":null}}}},"nextStep":{"intent":{"name":null,"slots":null},"sessionAttributes":null,"dialogAction":{"type":"EvaluateConditional","slotToElicit":null,"suppressNextMessage":null}},"closingResponse":null},"initialResponseSetting":{"conditional":null,"codeHook":{"isActive":true,"invocationLabel":null,"postCodeHookSpecification":{"failureResponse":null,"failureNextStep":{"intent":{"name":null,"slots":null},"sessionAttributes":null,"dialogAction":{"type":"EndConversation","slotToElicit":null,"suppressNextMessage":null}},"failureConditional":null,"successResponse":null,"successNextStep":{"intent":{"name":null,"slots":null},"sessionAttributes":null,"dialogAction":{"type":"ElicitSlot","slotToElicit":"OptionsSlot","suppressNextMessage":null}},"successConditional":null,"timeoutResponse":null,"timeoutNextStep":{"intent":{"name":null,"slots":null},"sessionAttributes":null,"dialogAction":{"type":"EndConversation","slotToElicit":null,"suppressNextMessage":null}},"timeoutConditional":null},"enableCodeHookInvocation":true},"nextStep":{"intent":{"name":null,"slots":null},"sessionAttributes":null,"dialogAction":{"type":"InvokeDialogCodeHook","slotToElicit":null,"suppressNextMessage":null}},"initialResponse":null},"inputContexts":null,"outputContexts":null,"kendraConfiguration":null,"qnAIntentConfiguration":null,"bedrockAgentIntentConfiguration":null,"dialogCodeHook":null,"fulfillmentCodeHook":null,"slotPriorities":[{"priority":1,"slotName":"OptionsSlot"}]}