{"name":"RescheduleSlot","identifier":"HHC4NPVFMH","description":null,"slotTypeValues":[{"synonyms":[{"value":"quero"},{"value":"quero remarcar"},{"value":"remarcar"},{"value":"remarcar consulta"}],"sampleValue":{"value":"sim"}},{"synonyms":[{"value":"nao"},{"value":"não quero remarcar"},{"value":"não remarcar"},{"value":"nao remarcar"},{"value":"nao quero remarcar"}],"sampleValue":{"value":"não"}}],"parentSlotTypeSignature":null,"valueSelectionSetting":{"resolutionStrategy":"TOP_RESOLUTION","regexFilter":null}}