{"name":"OpcoesMenu","identifier":"B5XJGSDGWV","description":null,"slotTypeValues":[{"synonyms":[{"value":"Agendar"},{"value":"Marcar"}],"sampleValue":{"value":"Agendar Consulta"}},{"synonyms":[{"value":"Procurar"},{"value":"Buscar"}],"sampleValue":{"value":"Buscar Consulta"}},{"synonyms":[{"value":"ttt"}],"sampleValue":{"value":"Localização"}},{"synonyms":[{"value":"sdsfdfsdf"}],"sampleValue":{"value":"Cancelar Consulta"}}],"parentSlotTypeSignature":null,"valueSelectionSetting":{"resolutionStrategy":"TOP_RESOLUTION","regexFilter":null}}