{"name":"AppointmentIntent","identifier":"LDBPR8RLYH","description":"Intent para agendar consultas","parentIntentSignature":null,"sampleUtterances":[{"utterance":"quero agendar uma consulta"},{"utterance":"agendar consulta"},{"utterance":"consulta"},{"utterance":"marcar consulta"},{"utterance":"marcar uma consulta"},{"utterance":"agendar uma consulta"},{"utterance":"1"},{"utterance":"agendar"},{"utterance":"marcar"},{"utterance":"agendamento de consultas"},{"utterance":"um"}],"intentConfirmationSetting":{"isActive":true,"promptSpecification":{"messageGroupsList":[{"message":{"ssmlMessage":null,"customPayload":null,"plainTextMessage":{"value":"Confirme os dados: {name} {number} {name_pet} {especie} {date} {time} "},"imageResponseCard":null},"variations":null}],"maxRetries":4,"messageSelectionStrategy":"Random","allowInterrupt":true,"promptAttemptsSpecification":{"Retry2":{"textInputSpecification":{"startTimeoutMs":30000},"allowedInputTypes":{"allowAudioInput":true,"allowDTMFInput":true},"audioAndDTMFInputSpecification":{"startTimeoutMs":4000,"audioSpecification":{"endTimeoutMs":640,"maxLengthMs":15000},"dtmfSpecification":{"maxLength":513,"endTimeoutMs":5000,"deletionCharacter":"*","endCharacter":"#"}},"allowInterrupt":true},"Retry1":{"textInputSpecification":{"startTimeoutMs":30000},"allowedInputTypes":{"allowAudioInput":true,"allowDTMFInput":true},"audioAndDTMFInputSpecification":{"startTimeoutMs":4000,"audioSpecification":{"endTimeoutMs":640,"maxLengthMs":15000},"dtmfSpecification":{"maxLength":513,"endTimeoutMs":5000,"deletionCharacter":"*","endCharacter":"#"}},"allowInterrupt":true},"Initial":{"textInputSpecification":{"startTimeoutMs":30000},"allowedInputTypes":{"allowAudioInput":true,"allowDTMFInput":true},"audioAndDTMFInputSpecification":{"startTimeoutMs":4000,"audioSpecification":{"endTimeoutMs":640,"maxLengthMs":15000},"dtmfSpecification":{"maxLength":513,"endTimeoutMs":5000,"deletionCharacter":"*","endCharacter":"#"}},"allowInterrupt":true},"Retry3":{"textInputSpecification":{"startTimeoutMs":30000},"allowedInputTypes":{"allowAudioInput":true,"allowDTMFInput":true},"audioAndDTMFInputSpecification":{"startTimeoutMs":4000,"audioSpecification":{"endTimeoutMs":640,"maxLengthMs":15000},"dtmfSpecification":{"maxLength":513,"endTimeoutMs":5000,"deletionCharacter":"*","endCharacter":"#"}},"allowInterrupt":true},"Retry4":{"textInputSpecification":{"startTimeoutMs":30000},"allowedInputTypes":{"allowAudioInput":true,"allowDTMFInput":true},"audioAndDTMFInputSpecification":{"startTimeoutMs":4000,"audioSpecification":{"endTimeoutMs":640,"maxLengthMs":15000},"dtmfSpecification":{"maxLength":513,"endTimeoutMs":5000,"deletionCharacter":"*","endCharacter":"#"}},"allowInterrupt":true}}},"declinationResponse":{"messageGroupsList":[{"message":{"ssmlMessage":null,"customPayload":null,"plainTextMessage":{"value":"Cancelando agendamento..."},"imageResponseCard":null},"variations":null}],"allowInterrupt":true},"failureNextStep":{"sessionAttributes":null,"intent":{"name":"FallbackIntent","slots":null},"dialogAction":{"type":"StartIntent","slotToElicit":null,"suppressNextMessage":null}},"elicitationCodeHook":{"enableCodeHookInvocation":true,"invocationLabel":null},"confirmationNextStep":{"sessionAttributes":null,"intent":{"name":null,"slots":null},"dialogAction":{"type":"FulfillIntent","slotToElicit":null,"suppressNextMessage":null}},"declinationNextStep":{"sessionAttributes":null,"intent":{"name":null,"slots":null},"dialogAction":{"type":"EndConversation","slotToElicit":null,"suppressNextMessage":null}}},"intentClosingSetting":{"isActive":true,"nextStep":{"sessionAttributes":null,"intent":{"name":null,"slots":null},"dialogAction":{"type":"EndConversation","slotToElicit":null,"suppressNextMessage":null}},"closingResponse":{"messageGroupsList":[{"message":{"ssmlMessage":null,"customPayload":null,"plainTextMessage":{"value":"Foi um prazer ajudar você hoje. Se precisar de mais alguma coisa, não hesite em me chamar. Tenha um ótimo dia!"},"imageResponseCard":null},"variations":null}],"allowInterrupt":true}},"initialResponseSetting":{"conditional":null,"codeHook":null,"nextStep":{"sessionAttributes":null,"intent":{"name":null,"slots":null},"dialogAction":{"type":"ElicitSlot","slotToElicit":"name","suppressNextMessage":null}},"initialResponse":null},"inputContexts":null,"outputContexts":null,"kendraConfiguration":null,"qnAIntentConfiguration":null,"bedrockAgentIntentConfiguration":null,"dialogCodeHook":null,"fulfillmentCodeHook":{"isActive":true,"postFulfillmentStatusSpecification":{"failureResponse":{"messageGroupsList":[{"message":{"ssmlMessage":null,"customPayload":null,"plainTextMessage":{"value":"Algo deu errado!"},"imageResponseCard":null},"variations":null}],"allowInterrupt":true},"failureNextStep":{"sessionAttributes":null,"intent":{"name":null,"slots":null},"dialogAction":{"type":"CloseIntent","slotToElicit":null,"suppressNextMessage":null}},"successResponse":{"messageGroupsList":[{"message":{"ssmlMessage":null,"customPayload":null,"plainTextMessage":{"value":"Agendamento concluído!"},"imageResponseCard":null},"variations":null}],"allowInterrupt":true},"successNextStep":{"sessionAttributes":null,"intent":{"name":null,"slots":null},"dialogAction":{"type":"CloseIntent","slotToElicit":null,"suppressNextMessage":null}},"timeoutResponse":null,"timeoutNextStep":{"sessionAttributes":null,"intent":{"name":null,"slots":null},"dialogAction":{"type":"CloseIntent","slotToElicit":null,"suppressNextMessage":null}}},"fulfillmentUpdatesSpecification":null,"enabled":false},"slotPriorities":[{"priority":6,"slotName":"date"},{"priority":4,"slotName":"name_pet"},{"priority":2,"slotName":"number"},{"priority":3,"slotName":"email"},{"priority":7,"slotName":"time"},{"priority":5,"slotName":"especie"},{"priority":1,"slotName":"name"}]}