{"name":"AnimalsSlot","identifier":"YNE6EUY2RS","description":null,"slotTypeValues":[{"synonyms":[{"value":"cachorr"},{"value":"cachorra"},{"value":"cadela"},{"value":"canino"},{"value":"cachorrinho"},{"value":"cachorrinha"}],"sampleValue":{"value":"cachorro"}},{"synonyms":[{"value":"gata"},{"value":"gatinho"},{"value":"gatinha"},{"value":"gat"},{"value":"felino"},{"value":"gatop"}],"sampleValue":{"value":"gato"}},{"synonyms":[{"value":"porquinho"},{"value":"porquinho da índia"}],"sampleValue":{"value":"porquinho da india"}},{"synonyms":[{"value":"coelh"}],"sampleValue":{"value":"coelho"}},{"synonyms":[{"value":"ramister"},{"value":"ramter"},{"value":"rantaro"}],"sampleValue":{"value":"ramster"}}],"parentSlotTypeSignature":null,"valueSelectionSetting":{"resolutionStrategy":"TOP_RESOLUTION","regexFilter":null}}